date,ticker,group,prediction,next_week_return,mom_1w,mom_2w,mom_4w,vol_4w,score
2024-01-05,ABBV,top,0.5413003,0.0111732795213153,0.0462670624394265,0.0464694106653373,0.0861467907904891,0.0217530286145243,3.032423205572849
2024-01-05,LLY,top,0.5368739,0.0393987016670658,0.0611230468220314,0.0844330741430672,0.0342777939202472,0.0438992205689969,1.243054487333089
2024-01-05,IBKR,top,0.5366087,0.0050045234460009,0.0605548688571764,0.0707588576293059,0.0573661857186909,0.0423166978228462,1.462200668675501
2024-01-05,WRB,top,0.53429174,-0.0208446177573452,0.0514705794612377,0.0591084698965644,0.0514912822544482,0.0263792088624714,2.030736577808091
2024-01-05,AMGN,top,0.53394675,0.0115842840814266,0.0520102692226458,0.0663005294545167,0.1258918237349766,0.0163137304625002,5.68049565340369
2024-01-05,SATS,bottom,0.5824472,0.270569543491056,-0.237175583819053,-0.112982432047526,-0.0306748174616889,0.1713698414129034,-0.5637566018162685
2024-01-05,COIN,bottom,0.5693708,-0.1506689024027093,-0.1146504292280212,-0.1225210880069898,0.0501977960404991,0.124886256186432,-0.2767305404832686
2024-01-05,MPWR,bottom,0.55849314,0.0083104743367536,-0.0900316308516706,-0.0692100842095979,-0.0014537417621479,0.0800571722067685,-0.4927347263748956
2024-01-05,ON,bottom,0.5503146,-0.0294583331233654,-0.0937387997783063,-0.0989168548586963,-0.0057788605848881,0.0908785024252066,-0.564004081600464
2024-01-05,AMAT,bottom,0.54736924,0.015100677094977,-0.0806442419902983,-0.0805306943014688,0.0086649868964023,0.0723787254258607,-0.496084375505174
2024-01-12,NOW,top,0.52930033,0.0273321246500657,0.0784134252796369,0.0321164790122272,0.044311438486857,0.0503234740727399,0.9414930025356828
2024-01-12,CRM,top,0.52930033,0.0329129768325466,0.0828687472158897,0.0334041319582183,0.0394875568753558,0.0546439328983364,0.8464639826732206
2024-01-12,APP,top,0.52930033,-0.0136657805642679,0.0944633538825829,0.0466750484710676,0.0440550259805228,0.0640446338919943,0.8562321581034538
2024-01-12,UBER,top,0.52930033,0.0302215162081476,0.0976033128372311,0.0264739495889954,0.021661819259078,0.0671802162993219,0.5691681623513126
2024-01-12,DASH,top,0.52930033,0.021127481375829,0.098301866204187,0.0529881473972182,0.0252042686451261,0.0619247523331038,0.7764473048425631
2024-01-12,ALB,bottom,0.55986834,-0.0866323366119894,-0.0720016987529248,-0.1275607711577704,-0.142866646626088,0.0410950298537191,-3.012545320433989
2024-01-12,TSLA,bottom,0.55667764,-0.0306089678236759,-0.0783191110080252,-0.1190840182174517,-0.1365286020132211,0.0331290778616645,-3.600862147652063
2024-01-12,NEM,bottom,0.5488089,-0.0812965076031662,-0.066931237859952,-0.0906015861226398,-0.0790311918720924,0.0394130841788988,-2.02672914577483
2024-01-12,BA,bottom,0.5478734,-0.012310485591869,-0.1257028235010353,-0.164812422735771,-0.1762212661348406,0.0563952804498328,-2.8797967421868065
2024-01-12,CVS,bottom,0.54071677,-0.034939200793846,-0.0596904758823301,-0.0303950468896848,0.0286174512211931,0.0505488806579975,-0.1332286823540962
2024-01-19,CDNS,top,0.53444517,-0.004826465363898,0.0880447472939944,0.156028676692709,0.0591690482591968,0.0728900478010481,1.2878752573561154
2024-01-19,WDC,top,0.5224278,0.0631731410987033,0.095181183495139,0.0943057674517049,0.0400683465971754,0.0593189228340402,1.1336816121906577
2024-01-19,QCOM,top,0.521309,-0.0081600473856103,0.0838800701842135,0.1113873336005397,0.0590285088372608,0.0570015259517615,1.395872828389381
2024-01-19,FAST,top,0.5164413,-0.0135565612079038,0.0916247982973834,0.118748008630265,0.0612182412442998,0.0574410636326353,1.4695328437194086
2024-01-19,KLAC,top,0.51591337,-0.0222191067315699,0.0934340725681439,0.126178253855405,0.0520723715245774,0.0654642781772917,1.25947358421677
2024-01-19,NEM,bottom,0.56081486,-0.0106998906944663,-0.0812965076031662,-0.1427864695755473,-0.1778412336349091,0.0316555350611183,-4.66110424295711
2024-01-19,HUM,bottom,0.55854845,-0.10036586061295,-0.0847484554938763,-0.1238134719008814,-0.1122712550548166,0.0443037736448135,-2.482432260784281
2024-01-19,FSLR,bottom,0.55654716,0.0130893892960304,-0.090501147167233,-0.1255468182493183,-0.1436117219810831,0.0416671874196443,-3.054314733167399
2024-01-19,AES,bottom,0.5509527,0.015393871033676,-0.0840563647822792,-0.101595899654021,-0.1157070082687264,0.038799389789526,-2.7029613460758237
2024-01-19,APA,bottom,0.5499852,0.057293434383024,-0.0590194652368119,-0.10834277245814,-0.148512006409461,0.0254852970585258,-4.634018034589356
2024-01-26,PSX,top,0.52930033,0.0374412768434231,0.086218841716305,0.0553170630761534,0.0531770902332999,0.051686266182972,1.1668621207262535
2024-01-26,SMCI,top,0.52930033,0.2224612492254349,0.1199688812383494,0.3963658595167796,0.668015194642354,0.091135740014356,5.227240238845415
2024-01-26,UAL,top,0.5287775,-0.0277320875754097,0.0960844814930186,0.0696329950418521,0.031265171304045,0.0629116158774806,0.884588971207486
2024-01-26,COF,top,0.52435935,-0.0161478502800621,0.0839194536670566,0.086296096075479,0.0579621606098403,0.0500153055612255,1.429778768353239
2024-01-26,HAL,top,0.5242369,-0.0735411498104413,0.1047983281190876,0.0884571475598177,0.0381743224371358,0.0644640064652089,1.031286234478189
2024-01-26,SATS,bottom,0.8186502,-0.0317689907536975,-0.099479825850886,-0.1376089139454385,-0.1641520436602123,0.2146392637725321,-0.6671097714839002
2024-01-26,HUM,bottom,0.58222204,0.0488329474460431,-0.10036586061295,-0.1766084644355652,-0.2109607790424548,0.0455329397610161,-3.9124391702462433
2024-01-26,GILD,bottom,0.5441371,-0.0321931174089904,-0.0890136271374283,-0.0794165849007613,-0.0183928702989352,0.0581796908819781,-0.8720728486721957
2024-01-26,PYPL,bottom,0.5432415,0.010359280730865,-0.0613794284045536,0.0127868892654823,0.0060251106437585,0.0595393043167295,-0.0910014568675033
2024-01-26,NOC,bottom,0.54248685,0.0196822461549164,-0.0691209753383249,-0.0896316782959114,-0.064467912477486,0.0401371039032826,-1.812944961708096
2024-02-02,SMCI,top,0.52930033,0.2771767805424712,0.2224612492254349,0.3691185576522455,0.984150979121541,0.0575310397224401,11.231851964133265
2024-02-02,GM,top,0.5180629,-0.0089949415366923,0.1060259823895488,0.0957474032733762,0.0811334320390779,0.0578643624531181,1.561237450901929
2024-02-02,HCA,top,0.5128041,-0.0100189985574816,0.0916982052617829,0.0752340316683604,0.1217375328958025,0.0446922373789209,2.2722378464770023
2024-02-02,SYK,top,0.5060617,-0.0002629760358303,0.0985675076843979,0.0857007802941618,0.1581958485609018,0.0502338073731991,2.4739169636486125
2024-02-02,VST,top,0.50191736,-0.0296296812347413,0.0924475075148953,0.109036649290507,0.1544442103138203,0.0371528545677904,3.4473224384280656
2024-02-02,TER,bottom,0.5467161,0.0616375464758245,-0.0861938002381016,-0.1135945823137623,-0.0622750003389156,0.0555076037209557,-1.4827942474373128
2024-02-02,GOOG,bottom,0.5419019,0.0465375994299943,-0.0666494343288376,-0.0299385708322438,0.0447628129215809,0.0534105755687816,0.0013071873102891
2024-02-02,GEN,bottom,0.5339229,0.0056522408993398,-0.1068573004551689,-0.0958261925197538,-0.0522320309305368,0.0639200709961397,-1.1908036358913932
2024-02-02,AFL,bottom,0.5198586,0.0183546752679277,-0.0995193216081132,-0.0894866601452151,-0.0713248696813788,0.0555143100913234,-1.4818541679389452
2024-02-02,HAL,bottom,0.5155122,-0.0074776692949313,-0.0735411498104413,0.0235501887605567,-0.0333611308206078,0.0778244905688034,-0.3121449824910766
2024-02-09,WSM,top,0.52930033,0.0277740400006976,0.0980832981931827,0.0548548788915652,0.0833751297724036,0.0569189911346121,1.363768222568656
2024-02-09,SMCI,top,0.52930033,0.0851423288302155,0.2771767805424712,0.5612991226236685,1.1801447913251928,0.0681980012966726,11.91685661521464
2024-02-09,EMR,top,0.5180467,0.0336936481772209,0.0981058886147354,0.0856300732747212,0.0878042814663111,0.0509493952815533,1.7475689956068077
2024-02-09,GEHC,top,0.5134636,0.0575363640780191,0.1005275720536433,0.1119617276976274,0.0678745897390216,0.0573165972889676,1.5262368675122753
2024-02-09,GNRC,top,0.5113193,-0.0758805815533016,0.0927329458331378,0.1065480945206727,0.0276113656850962,0.0625677792982507,1.0263121030550506
2024-02-09,LITE,bottom,0.5544216,-0.0086645026874979,-0.1111012351635932,-0.0916410093135347,-0.0097632923951866,0.0759556507736825,-0.7178190636594168
2024-02-09,FOX,bottom,0.54021806,0.0182149677579588,-0.0713801737811209,-0.0770006596853666,-0.0452174398150986,0.0443712947601777,-1.3488465513061154
2024-02-09,TTWO,bottom,0.53882533,-0.0098766944879435,-0.0723951876520396,-0.0745563998628632,-0.0418727691758856,0.0432922231065444,-1.331628986496774
2024-02-09,PSKY,bottom,0.5384868,-0.069767468663572,-0.1060291424441468,-0.0652174818657375,-0.0322580765091945,0.0685206494429394,-0.8291980878213981
2024-02-09,MRNA,bottom,0.5356931,0.0109827141545904,-0.1034871419270833,-0.1414398805794774,-0.1749881436541223,0.0516328698440259,-2.911562123664301
2024-02-16,SW,top,0.52279305,-0.0132371700744061,0.1190411667583681,0.1730662320408618,0.1436827958972615,0.110821198487246,1.3303994450576624
2024-02-16,TPR,top,0.5043649,0.057503742346904,0.0930951376726121,0.1474633342808753,0.2530023029838708,0.027757323958599,6.797464810049304
2024-02-16,VTRS,top,0.5026782,0.035987743175833,0.1181505419315307,0.1021095807015668,0.1456140200280578,0.0611480195801101,2.0746792056615355
2024-02-16,LDOS,top,0.5015998,0.0180085303598054,0.0907248353891263,0.1162895199717557,0.1269566931772476,0.0416749516709123,2.788995917357364
2024-02-16,DVA,top,0.49971753,0.024873186754742,0.1125068318012274,0.0990019083433992,0.1666666545287729,0.0525026498834427,2.576586282781792
2024-02-16,WST,bottom,0.58641315,0.0148877385893895,-0.116175483080093,-0.0497876095718985,0.056910396284747,0.0893464629289577,-0.1086256630732471
2024-02-16,GNRC,bottom,0.5493589,-0.038284429659818,-0.0758805815533016,0.0098157344208669,0.0039376740769931,0.0702800138878996,-0.145816381369997
2024-02-16,MGM,bottom,0.54476607,0.0009403129916891,-0.0898588064209334,-0.0521390395921878,-0.0106976531272711,0.0600227360339075,-0.6480460187890471
2024-02-16,MU,bottom,0.5436542,0.081761032449984,-0.0708273232051588,-0.0807124826116229,-0.0915324513991805,0.0332544879394229,-2.5227620126242183
2024-02-16,NOW,bottom,0.5423204,0.0078039231643178,-0.0589711269447593,-0.0208626303688582,0.0212117956131823,0.0445224005027362,-0.1668918885832137
2024-02-23,EQT,top,0.5356245,0.0,0.0665706099114065,0.0830271038228531,0.0362409798731639,0.0418773725567686,1.3422170001117495
2024-02-23,DELL,top,0.5302781,0.3789708216623662,0.0729130229510044,0.0481436907219599,0.0727856190595992,0.0413404630974572,1.5786146304094375
2024-02-23,SMCI,top,0.52930033,0.0528714445105946,0.0705696194116289,0.1617204099832125,0.8137930568407983,0.10193848472162,4.601465580154827
2024-02-23,NVDA,top,0.52930033,0.0439244309906512,0.08543925350176,0.0926620426079725,0.2914255915484625,0.0400555346295411,4.746525255244823
2024-02-23,EME,top,0.5271863,0.1863784525062384,0.0664241122075699,0.1002243697529454,0.202979188238644,0.0145801101854872,9.866528633409748
2024-02-23,PLTR,bottom,0.5709005,0.0853287353248535,-0.0601473481416112,-0.0578342861340679,0.404892891585956,0.2229304715246944,0.7759777807099918
2024-02-23,PSKY,bottom,0.5668967,-0.023193585366274,-0.0658332779236782,-0.1310077254326899,-0.1876812133407495,0.065640416607978,-2.225565145979948
2024-02-23,TSLA,bottom,0.5351968,0.0555815914002015,-0.0399099567358568,-0.0082657748771777,0.0475852726914223,0.0348452815184291,0.3814796148760778
2024-02-23,FSLR,bottom,0.5344484,0.1060956240945132,-0.0897566360133287,-0.05683168719704,-0.0334167785985138,0.0718968286026884,-0.7182152834313015
2024-02-23,BKNG,bottom,0.52930033,-0.0017769659459195,-0.0567363155138466,-0.067112320891722,-0.003875471295224,0.0466697804104442,-0.7145360684745727
2024-03-01,HOOD,top,0.52930033,0.0253317296879735,0.1450276552388203,0.1842857088361467,0.518315000720496,0.081860860221464,4.190399455677176
2024-03-01,CVNA,top,0.52930033,0.0282064126459606,0.1983243544962787,0.5807926792702385,0.9093210040915152,0.1396092289582579,4.785390211593229
2024-03-01,FIX,top,0.5060766,-0.0132383126060156,0.1267467074380934,0.2653117456934815,0.3594620419498913,0.0510850931666031,5.561656110383921
2024-03-01,ERIE,top,0.49973762,0.0286428582206232,0.1567336630111395,0.1236208946814398,0.1637929128498736,0.0803075536557284,1.869593720948713
2024-03-01,COIN,top,0.49904656,0.2471205218880974,0.2397277356859213,0.1412013036359434,0.5924005752098169,0.1596218741576963,2.419870339433101
2024-03-01,VTRS,bottom,0.56178546,-0.016640911054966,-0.0694751518602635,-0.0359876626066797,0.0624472329556895,0.0796892848140076,0.0818692301731391
2024-03-01,PODD,bottom,0.55599177,0.0610930359698116,-0.0812116940916489,-0.1139207116518565,-0.1276672700082851,0.0346532573788468,-3.287524564174256
2024-03-01,CBOE,bottom,0.5416276,-0.0017643989080697,-0.0486971757933084,0.0046030656523996,0.026093375771393,0.0432938830533129,0.1080376332533993
2024-03-01,IFF,bottom,0.5371535,0.0378231476812724,-0.0571571296699521,-0.0654023064092124,-0.0663220934812529,0.0302535623184612,-2.115506704737772
2024-03-01,ALGN,bottom,0.534744,0.0415985469234831,-0.0532378025032734,-0.0283705656629051,0.0953268216537763,0.0567367564883681,0.5015184255490637
2024-03-08,NEM,top,0.5347966,-0.0008849050997276,0.0700537127403728,0.0926315788132936,0.0423151604704923,0.0557752116924245,1.1267571883910112
2024-03-08,D,top,0.52930033,-0.0033332115220027,0.0716676181535471,0.0169755825328272,0.0888691147456914,0.0525431717064041,1.2130871619886578
2024-03-08,SBAC,top,0.52930033,-0.0324429122700878,0.0739836051872688,0.0504321961516052,0.0287423621851543,0.0546822288691054,0.808611878157704
2024-03-08,RMD,top,0.52930033,0.0085439652665062,0.0792050331977591,0.0239079163508242,0.0206359525160213,0.0566965715844026,0.5868551018660982
2024-03-08,EW,top,0.52930033,0.0018449985898787,0.0812015732201631,0.0501481836449393,0.083872451173357,0.0453397795441989,1.61138535570956
2024-03-08,PANW,bottom,0.6918231,0.0069949727683449,-0.0734126393436782,-0.0066999331964807,-0.2565666841480815,0.1258131209101896,-1.1513958899099006
2024-03-08,WDAY,bottom,0.55943733,0.0149439375756676,-0.0945464676417195,-0.1358702657746983,-0.1330644015055698,0.0465642801410758,-2.7044791783351574
2024-03-08,AVGO,bottom,0.5592699,-0.0559475977784794,-0.0646455713758378,0.009526491303976,0.0196970012633068,0.0654303822601065,-0.0033979086439246
2024-03-08,ALB,bottom,0.5435556,0.0354909298001708,-0.1713586137730828,-0.0192292249944439,0.0220245511863776,0.1483422840662628,-0.1955521962111755
2024-03-08,AAPL,bottom,0.5425913,0.011070115027429,-0.0497048853583234,-0.0645955077507116,-0.0959492794655949,0.0221639562507818,-3.471722108102919
2024-03-15,PYPL,top,0.5321198,0.0305489362668056,0.0650736703600145,0.0381565710955416,0.062732487070992,0.0383429539343944,1.4522283857644145
2024-03-15,HOOD,top,0.52930033,0.0082644419660002,0.0676470363841339,0.0946923825119829,0.2964285441807341,0.0544383427413182,3.486563481085206
2024-03-15,VRT,top,0.5284973,0.1128347378661149,0.0690498633100777,0.0508712458301456,0.1777036536521881,0.0666437638397018,1.766804364230475
2024-03-15,EG,top,0.5278368,-0.0177694788923563,0.0684526407860921,0.062040463380476,0.0679588425084347,0.0348228686373563,1.8979565829445637
2024-03-15,WST,top,0.5222047,0.0162532124807259,0.0798717201625349,0.0805641086694171,0.0706256585847457,0.0442743258994625,1.700451880591134
2024-03-15,ADBE,bottom,0.5574595,0.0143361850324805,-0.1073610374018311,-0.1374424224114365,-0.0991475219553402,0.061805159174833,-1.813721128870194
2024-03-15,AMD,bottom,0.55065596,-0.0597194797859774,-0.0787405462130003,-0.0571456862708925,0.0988669863930244,0.0930343850822314,0.1776108583101635
2024-03-15,COHR,bottom,0.5446868,0.077263462307888,-0.0798622336372427,-0.0742083316304329,-0.0160750649622746,0.0651494799765799,-0.7091624134678837
2024-03-15,BA,bottom,0.54043126,0.0346244856543305,-0.0804071050036666,-0.0873500061035156,-0.1047623751743265,0.0360422500363358,-2.619305945915835
2024-03-15,EQT,bottom,0.5392531,0.027819240416967,-0.1090083883651308,-0.0967304137566773,-0.0365992064860355,0.0737090029607437,-0.9364766122069113
2024-03-22,WSM,top,0.5294602,0.0156735236880942,0.1017019083378287,0.3309066904088571,0.3795947281327696,0.092370535142908,3.346036144145077
2024-03-22,TFC,top,0.52930033,0.0342265549640479,0.081181960013833,0.0066776024829293,0.0695232554290372,0.0677450494298534,0.7812110228759331
2024-03-22,CDNS,top,0.52930033,-0.0355084334195952,0.0814233601198943,0.0458197791678471,0.0632886091402322,0.0534046236746,1.152702441559788
2024-03-22,AES,top,0.52930033,0.1040640432576482,0.0819452891778826,-0.0006153204805128,0.0150000390667754,0.0731342229014841,0.3236803817348905
2024-03-22,AVGO,top,0.52930033,-0.0207319125673378,0.1001490335788455,0.0385983379517933,0.048492535986615,0.0871039344157374,0.640516697656414
2024-03-22,EPAM,bottom,0.5574955,0.01971787974844,-0.0939141689200806,-0.1246929131652577,-0.1026507015301866,0.0505887175440994,-2.121104334611487
2024-03-22,ACN,bottom,0.54110456,0.0269925714738377,-0.0990390102189948,-0.1075443443322987,-0.1055337240584568,0.0490918868003906,-2.13120443617309
2024-03-22,ERIE,bottom,0.5405459,0.0033983782240958,-0.0397803508668155,-0.0376561348317271,0.1450600735205081,0.0846785976358461,0.6284266032120128
2024-03-22,ABT,bottom,0.53847396,0.0279461045187081,-0.0426009593015844,-0.0858961513557365,-0.0744180385048649,0.0310236983636063,-2.2972223828988976
2024-03-22,CTSH,bottom,0.5366105,0.0193324585892487,-0.045532888289932,-0.063436358519882,-0.0992232861390622,0.0136370913415802,-5.659795538240799
2024-03-29,MU,top,0.5970819,0.0482653463018476,0.0707176446682824,0.2654561942544151,0.2401869343185572,0.0950328363180133,2.248160179460167
2024-03-29,WDC,top,0.53916776,0.0713659138841076,0.0672504970530369,0.1413279435243324,0.0612753160503316,0.0612997656660799,1.4085744392482562
2024-03-29,MRK,top,0.5355627,-0.030011498414919,0.065401737501201,0.0858296212446985,0.0458963095136155,0.0404918572354883,1.521915793900833
2024-03-29,EL,top,0.52930033,-0.0630554608060428,0.0766168897552974,0.0293823401732145,0.0357454396496614,0.0497976367404585,0.8419396703369512
2024-03-29,DOC,top,0.51915526,-0.0063999461811862,0.0689849888685123,0.0875869975254641,0.096491073022122,0.0407050862413915,2.1644025703054357
2024-03-29,NVDA,bottom,0.5534535,-0.0259861434945678,-0.0417120721106998,0.0286781957674795,0.0982176093192319,0.054061710430908,0.911526770017706
2024-03-29,ANET,bottom,0.5451199,0.0262776564883528,-0.0536518560178297,0.0441075847600893,0.0077848781121057,0.073845139814543,0.0864741522776337
2024-03-29,ORLY,bottom,0.5364939,-0.0100276714910652,-0.0331040881753665,0.0141037707480584,0.0400110408150635,0.0354451965479263,0.4955897197846187
2024-03-29,CCL,bottom,0.534125,-0.0746634280267671,-0.04332552955943,0.0049200431125406,0.0212500344310964,0.040257796553039,0.0851365666831895
2024-03-29,UPS,bottom,0.52802503,0.0183676879625351,-0.0488895591800023,-0.0309054362203992,0.0038497986944834,0.0380404431912857,-0.4489891024336899
2024-04-05,VLO,top,0.52930033,-0.053710716162284,0.0744038752938269,0.081054092470437,0.2264427855234669,0.0394666655463898,3.852192077771308
2024-04-05,META,top,0.52930033,-0.0292790756208516,0.0860002215846618,0.034852171899758,0.0422767887018018,0.0674910820114759,0.7219013039246241
2024-04-05,APP,top,0.5288992,0.0103616758453333,0.0805402607617227,0.0500490614067155,0.179359828578014,0.073069875412539,1.6509893474912818
2024-04-05,VST,top,0.5287132,-0.0742067975568614,0.0815505490817478,0.0903169096250047,0.2496299683617979,0.0557346468661966,3.0128276317010885
2024-04-05,NRG,top,0.522552,0.0159406625303588,0.0750481443062462,0.0833704233271295,0.1982545809442479,0.0281250051402359,4.929956456700536
2024-04-05,HOOD,bottom,0.59313554,-0.0233695822875311,-0.0859413618659307,0.0054645019474761,0.082352918737075,0.0816633021352334,0.3134356968265208
2024-04-05,UAL,bottom,0.5572778,-0.0321833626729695,-0.0979532651792164,-0.0705832259055946,-0.0025404298450292,0.0703147486640504,-0.5969748742637673
2024-04-05,CCL,bottom,0.54696447,-0.0502645531143104,-0.0746634280267671,-0.1147541250282152,-0.0763591898214044,0.0537302232621059,-1.6261964509841342
2024-04-05,RL,bottom,0.54131114,-0.0678105089483224,-0.0842032228594382,-0.0796479779691918,-0.0191556611118369,0.0552415018942935,-0.9091344975542068
2024-04-05,CHTR,bottom,0.5391201,-0.0261317824575429,-0.079620184632237,-0.0795251733783809,-0.0574036528824959,0.045298912470428,-1.5084814074746484
2024-04-12,AAPL,top,0.5464666,-0.0654206324751781,0.0411016107340136,0.0295662319710787,0.0227668023959402,0.0238087077621161,1.1909298160067658
2024-04-12,COST,top,0.541126,-0.0298095396712289,0.0246454846814005,-0.0018018192790951,0.007827623328116,0.021786072792108,0.3793445674549408
2024-04-12,GOOGL,top,0.54033124,-0.0230775458289196,0.034295217615663,0.0450541254381762,0.1172264717113051,0.0298246127108363,2.639583602084003
2024-04-12,GOOG,top,0.5401553,-0.021797937749004,0.0341041687070151,0.0455144426928924,0.1197157395164771,0.0288510416450784,2.774789152402248
2024-04-12,MRNA,top,0.53626776,-0.0354764670838138,0.0219673619417344,-0.0133258089478137,0.0124217711553342,0.0256702953726766,0.2563655241869932
2024-04-12,VST,bottom,0.56811845,-0.0585029690218527,-0.0742067975568614,0.0012921464385262,0.136790268794215,0.0878108953659348,0.6135919625520643
2024-04-12,DELL,bottom,0.5635791,-0.0245414419860841,-0.1127184563254268,0.0319867794505157,0.1005608572940619,0.1134532697552992,0.3287687910489085
2024-04-12,CVS,bottom,0.55006623,0.0260040525464242,-0.0796460380204949,-0.1394182623808353,-0.1131781778540512,0.0508407702600157,-2.244641662498096
2024-04-12,DECK,bottom,0.5461831,-0.0171789116964725,-0.0744638422931832,-0.1348086468440198,-0.1048911782327887,0.0504299839852016,-2.133009811754582
2024-04-12,FAST,bottom,0.5423708,-0.0408798568424633,-0.0806475059608317,-0.0867255575118011,-0.0610424420136186,0.0500451536005336,-1.4491607709771324
2024-04-19,PM,top,0.5406374,0.0133305422542582,0.0553741476880529,0.0479434944589078,0.0318000510086933,0.0339289791444459,1.2153730267391756
2024-04-19,PGR,top,0.5352541,-0.0310214979473555,0.052918200093508,0.0174881703934872,0.0442015610086892,0.0359401837344428,1.052460551271904
2024-04-19,AXP,top,0.534459,0.0199100439616048,0.0588450816612715,0.0385686771806303,0.0256496997040962,0.0369592738564233,0.9758547746672394
2024-04-19,WFC,top,0.53340614,-0.0072906660594859,0.0687087623106403,0.0513936325600159,0.0563626317469161,0.0385784750722576,1.482508242542355
2024-04-19,ELV,top,0.53225744,0.0109895105049049,0.0682023205008248,0.0474424801869102,0.0341927915869932,0.0418271793430098,1.0725644952605693
2024-04-19,JBL,bottom,0.5611656,-0.0040421775271882,-0.114268880821473,-0.1546237256271366,-0.0948242758442848,0.0728349153983965,-1.5994127248571908
2024-04-19,VRT,bottom,0.54292035,0.2463670654723571,-0.1058528337376178,-0.1210450289576284,-0.090787740597873,0.0623952072379106,-1.64617336721689
2024-04-19,AMD,bottom,0.53848946,0.0733769404775073,-0.1019108250493098,-0.1395376072925588,-0.1837461487800358,0.0438822642600365,-3.504060652186152
2024-04-19,MU,bottom,0.53691876,0.0755830884437065,-0.1285504771343122,-0.1360253069760238,-0.0302780854249308,0.0891571967636773,-0.9148475774825672
2024-04-19,PLD,bottom,0.536299,0.0055077679951829,-0.1303361468887353,-0.1703543991562719,-0.1953817683416103,0.0589411725082066,-2.961737138115405
2024-04-26,GL,top,0.7510841,0.0237622720778973,0.1350015553898593,0.2819429447900743,-0.3476472541794912,0.2769023962886704,-0.2246927586499624
2024-04-26,CARR,top,0.52930033,0.0294812917793623,0.1302072880540321,0.0643913486687475,0.0407707212801533,0.0828971857524022,0.7921259287951753
2024-04-26,MPWR,top,0.5280217,0.0442832805652484,0.1448977853554802,0.0288652634577852,-0.0002803019027138,0.1039340775252649,0.3604490571656002
2024-04-26,MCHP,top,0.5233324,-0.0239315173088711,0.1459351571284419,0.0929471592189181,0.0433619929213813,0.0890062588650623,0.8838007189967714
2024-04-26,NVDA,top,0.5194127,0.0120132761188043,0.1513781784168046,-0.0051139199087273,-0.0290073165444201,0.1183921934597088,0.120158138885107
2024-04-26,META,bottom,0.5648223,0.0195582646863206,-0.0785333292117875,-0.1340299866970674,-0.0870916937198844,0.0738589339121047,-1.3448207464648338
2024-04-26,NUE,bottom,0.54705,-0.0085508759300333,-0.0832985135762495,-0.0982368528877113,-0.1135927297088492,0.0412326175660192,-2.490215464132794
2024-04-26,BG,bottom,0.5435213,-0.0153801670987295,-0.0619978548874778,-0.0100221019798921,0.0020485287375147,0.0563641108234045,-0.2547093541893608
2024-04-26,ODFL,bottom,0.53953934,0.0144721832167939,-0.1387971984752803,-0.1750556096573807,-0.1682093986625076,0.0693568045894682,-2.36666260267967
2024-04-26,TXT,bottom,0.5391878,-0.0106345246336031,-0.0727761350114922,-0.0792890388871383,-0.0981967763594381,0.0349776619100235,-2.492763829939664
2024-05-03,VST,top,0.5755405,0.1463984033705863,0.120907902662144,0.241090310930266,0.0817734731436137,0.1045111500586874,1.313391644258149
2024-05-03,PFE,top,0.52930033,0.0223807194963581,0.0948819368054036,0.0696156918410619,0.0431358657369738,0.0574678161717486,1.0670724002907808
2024-05-03,SATS,top,0.5253928,-0.1226361174646889,0.0906250476837158,0.1993127514906323,0.3120301137360577,0.0334935209526242,6.9636610042118114
2024-05-03,AES,top,0.5157875,0.0680235759021787,0.0954452777708794,0.1495497246969308,0.0427330960349341,0.0736278830496316,1.1572354644074978
2024-05-03,ALB,top,0.51337934,0.0118656128393987,0.095996006866005,0.1422202347169781,0.0376671497856693,0.0769278063895217,1.0476586373632824
2024-05-03,SMCI,bottom,0.79132783,0.0201865580531446,-0.0871665232032564,0.0967560987317339,-0.1743845590753755,0.1713545099763185,-0.4409260192062645
2024-05-03,EL,bottom,0.48732102,-0.0070709303144316,-0.0984061263815062,-0.0794265945176019,-0.0795541026572527,0.0628202219772774,-1.3236802468733433
2024-05-03,BAX,bottom,0.48165295,-0.0325293324339646,-0.0807375946806413,-0.0653661272360942,-0.1344438289548236,0.0420503677146297,-2.443140526829281
2024-05-03,FTNT,bottom,0.48049447,-0.0122282813797879,-0.0825802307862115,-0.0712933808987161,-0.169651698952349,0.0408932478784714,-2.9939054906524305
2024-05-03,CVS,bottom,0.480308,-0.0014310847262548,-0.1679070863014183,-0.1985663536526155,-0.2432167107279288,0.0814004874382111,-2.635072322516487
2024-05-10,TPL,top,0.52930033,-0.0216442546242454,0.1105728869962019,0.0470897598575066,0.0297167040512624,0.0754966919004651,0.6759536177774097
2024-05-10,GL,top,0.52930033,-0.0049709175284734,0.1154092613373001,0.1419139196834034,0.4638684928957186,0.0520882034768079,5.702251750294243
2024-05-10,SW,top,0.5216249,0.0,0.0974071911597977,0.0979201678940786,0.049129192275763,0.0598593214916942,1.224531614291788
2024-05-10,GEN,top,0.5047599,0.0721969423497708,0.1712432501865,0.1371790594114592,0.1208790325547057,0.0940553592870213,1.442741923207928
2024-05-10,WAT,top,0.50284934,0.0137849308119861,0.0929493707441633,0.1278830681646847,0.0881732516164168,0.0749811804084387,1.3457622783337315
2024-05-10,SATS,bottom,0.61247647,0.1489222515010404,-0.1226361174646889,-0.0431249737739563,0.0781690581169807,0.1027325246046124,0.0157519562958685
2024-05-10,TSLA,bottom,0.5766144,0.0533626487091121,-0.0702025556008066,0.0010696294595737,-0.01508331940967,0.1308002262387473,-0.1624235694470536
2024-05-10,MRNA,bottom,0.5623406,0.1328957178615892,-0.0615200195312498,0.0865054758941663,0.1157504112573117,0.1002890472762006,0.7124566517089744
2024-05-10,ALGN,bottom,0.55817825,-0.0007361508945344,-0.0561711299698799,-0.1207688115120264,-0.1373781275866716,0.0466107849595021,-2.486661984841921
2024-05-10,COIN,bottom,0.55174565,0.0332471033020482,-0.100022404618386,-0.1497969196772512,-0.1824211671660415,0.114926660305713,-1.3575473720166569
2024-05-17,GEN,top,0.58319545,-0.0055932756690697,0.0721969423497708,0.2558034315977728,0.2270117289510751,0.0880262441558711,2.322648427666902
2024-05-17,TER,top,0.52930033,0.0926689660028059,0.073136980984914,0.0952341648599921,0.3744919481975621,0.0731078741051999,3.147798274030105
2024-05-17,COHR,top,0.52930033,0.026492294383851,0.0826970116404046,0.0286675419341628,0.1800650233214615,0.0731779033281228,1.5717176848434669
2024-05-17,MRNA,top,0.52930033,0.2536494225885659,0.1328957178615892,0.063199951171875,0.3105215372962346,0.0982011911179491,2.042700554167883
2024-05-17,SATS,top,0.52930033,0.051165412775614,0.1489222515010404,0.0080228873081638,0.2089347025430856,0.1206045425809213,1.1321750187867448
2024-05-17,FIX,bottom,0.5805129,0.0825032303353336,-0.0828596220084078,0.0046773215680764,0.0886509358108933,0.0755147281188909,0.3855960432515759
2024-05-17,APP,bottom,0.55632883,-0.0041216674347854,-0.0455860514577634,0.098841057667633,0.2348801511259637,0.0882027129244267,1.5625248421280582
2024-05-17,HUBB,bottom,0.5447477,0.0515864084391743,-0.0356767188131802,0.0338255415872237,0.0121381111320504,0.0670925933728795,0.1351543946095365
2024-05-17,LULU,bottom,0.5364715,-0.0953575198607972,-0.0510255544085909,-0.0568773251769808,-0.0497063266462257,0.0362346767595619,-1.4344828798899083
2024-05-17,MLM,bottom,0.53519964,-0.0027378903558014,-0.0486213693687536,-0.017393295586304,0.0084391264948429,0.0465233001449838,-0.2299858497548708
2024-05-24,ROST,top,0.5301002,-0.0166749949044334,0.0740574700156926,0.0648037460973776,0.0637679307817271,0.0422022601090586,1.5634290709931309
2024-05-24,FIX,top,0.52930033,-0.0437602534792785,0.0825032303353336,-0.0071925781531325,0.1344901920512426,0.0813770669748231,1.001361139717504
2024-05-24,VST,top,0.52930033,-0.029578860856165,0.0852465766766485,0.0929137403727171,0.40440183949407,0.0606543949638525,4.067596382800178
2024-05-24,CEG,top,0.528936,-0.0565750359533049,0.0822110869678469,0.0730469588259563,0.2243456580192708,0.0499169397736186,3.0095630546830847
2024-05-24,QCOM,top,0.5212057,-0.0260209854400124,0.0851129564737667,0.1553162945138757,0.2698297219501806,0.0336005798814793,5.891066009018816
2024-05-24,CVNA,bottom,0.6012926,-0.0840128084356568,-0.0710638168010305,-0.067094004052317,0.2946270274770421,0.2410736543810578,0.4684282346367802
2024-05-24,LULU,bottom,0.5587019,0.0296359201984643,-0.0953575198607972,-0.1415174039514627,-0.1691527293023133,0.0384439110403893,-3.7905621371857343
2024-05-24,WST,bottom,0.54687226,-0.0007536735567614,-0.0674277188251613,-0.0893215075780596,-0.0798212879941928,0.0348674317789477,-2.2933522982899426
2024-05-24,LOW,bottom,0.5438263,0.0282514486845824,-0.0687982521417978,-0.084329609839122,-0.0637751509633641,0.0377141000506289,-1.8761813388865312
2024-05-24,NDSN,bottom,0.54234374,-0.0135328736139749,-0.1218954711488794,-0.1446911543031341,-0.0839589063112291,0.0750942225480657,-1.459764992000097
2024-05-31,VTR,top,0.53348875,-0.0109430406108431,0.0581052733316815,0.0276016667589338,0.0741611681381133,0.0361038240538484,1.5739259664481773
2024-05-31,CHTR,top,0.5316133,-0.0358387040955543,0.0576880724786319,0.0516445925972459,0.0796826346219654,0.03263189848853,2.0430318030381414
2024-05-31,AMT,top,0.52930033,-0.0075612243560161,0.0527617951314509,0.0063236527689334,0.0770331274304276,0.0461288918233813,1.1024711292431812
2024-05-31,PLD,top,0.52930033,-0.0026245957023928,0.0547972151861837,-0.0090583580575597,0.0434410837442753,0.0508035803545543,0.5886123782140947
2024-05-31,DECK,top,0.52930033,-0.0453507060788428,0.0590764669666483,0.2311155232964588,0.2986680541125637,0.0642217545973051,3.5832974221789304
2024-05-31,DELL,bottom,0.5907799,-0.0687159793508199,-0.1287301225697982,-0.0666131122844581,0.1155876535595383,0.1112086633456893,0.1083821170595281
2024-05-31,VRT,bottom,0.57921636,-0.105944740908764,-0.0762927348249169,0.0130152051189531,0.0544027696685114,0.0709951859680335,0.2229039728805791
2024-05-31,CVNA,bottom,0.5683658,0.065813102427785,-0.0840128084356568,-0.1491063544090758,-0.1782690485611252,0.0393780711746249,-3.816523649900642
2024-05-31,NOW,bottom,0.5573975,0.0637510215709562,-0.1104656316175193,-0.1413240552659178,-0.083332171154363,0.0696080771033994,-1.5228712782163925
2024-05-31,CRM,bottom,0.5559404,0.0316074089170566,-0.1390061357552896,-0.1791604831009727,-0.143316512385179,0.0765904384597778,-1.9977409355182223
2024-06-07,UBER,top,0.53212535,0.0108209497391189,0.0735749718033829,0.0785869165030115,0.0346320311808661,0.044500284446694,1.2467876739323107
2024-06-07,ORCL,top,0.52930033,0.0969664105492005,0.0744943544401968,0.0244892947020236,0.0792833844329234,0.0562600030524592,1.0980721817474746
2024-06-07,COIN,top,0.52930033,0.0013925144691642,0.0807365688783512,0.0273932671273728,0.215210063145657,0.0817576745039506,1.6121924582690337
2024-06-07,NVDA,top,0.52930033,0.091016888381693,0.1026606020229343,0.1354290033421681,0.3450232566356408,0.0597657258845033,3.903275977574765
2024-06-07,CRWD,top,0.52930033,0.1040186839748795,0.1130168016447015,-0.0066862210013762,0.0884149659812167,0.097049393776392,0.6670651714852374
2024-06-07,CEG,bottom,0.56284904,0.0853536627717743,-0.0886076272761551,-0.1401696835305744,-0.0773616938061234,0.0744009710922054,-1.3215032767239414
2024-06-07,BLDR,bottom,0.5574671,0.0223544182372781,-0.0902419000728158,-0.1450614052532682,-0.1238620454179263,0.0529512056332901,-2.327898543025962
2024-06-07,ALB,bottom,0.5536815,-0.0961024989911584,-0.0624030623200937,-0.099145750197822,-0.1132540870346804,0.0309288415728637,-3.185790252870926
2024-06-07,AES,bottom,0.5493822,-0.026673194811552,-0.0796666482059355,-0.0497369772995661,-0.0035106573678858,0.0638250740048229,-0.510124579793831
2024-06-07,DG,bottom,0.5460684,-0.0064766458549075,-0.0752319426942937,-0.1282104280776108,-0.101738114290507,0.0478517733869842,-2.176740644501951
2024-06-14,CRWD,top,0.5883439,-0.0124664151055737,0.1040186839748795,0.2287913445937131,0.1141994210367243,0.1024338750736568,1.4291945036328932
2024-06-14,COHR,top,0.5505872,0.0025087150547147,0.0891014418838258,0.2574482697714264,0.2343024029179907,0.084911627295339,2.4961993731747216
2024-06-14,CEG,top,0.52930033,0.0150301920327644,0.0853536627717743,-0.0108169500419167,0.0099410125529919,0.0912336148293368,0.2057966702992949
2024-06-14,NVDA,top,0.52930033,-0.0402639371583045,0.091016888381693,0.2030213389601463,0.4261708009446474,0.0499880875872534,5.833626195603938
2024-06-14,KKR,top,0.52930033,-0.0032974113372378,0.114195488007315,0.0616492944905961,0.0433869476133319,0.0731661497530184,0.8602521077984071
2024-06-14,MRNA,bottom,0.6205157,-0.0473470323545609,-0.072710390881062,-0.017678037309799,0.0536493996257521,0.174835943196941,0.039895805951478
2024-06-14,CCL,bottom,0.5737195,0.0475879799719496,-0.0814371423755608,0.0172413584977011,0.0226666391590486,0.0774873698957627,0.0028135849174391
2024-06-14,NCLH,bottom,0.5614177,0.0440822145608335,-0.0691400441981652,-0.0024096936510914,0.0514285375201513,0.0599883014956874,0.1857824492828502
2024-06-14,HBAN,bottom,0.5549114,0.0339746720982327,-0.0768656377314875,-0.1113505511312333,-0.1294863623576204,0.0368203751010566,-3.074764916492652
2024-06-14,ALB,bottom,0.5430181,-0.0854989840032138,-0.0961024989911584,-0.1525084710775901,-0.2076420675654018,0.0304263503481723,-5.529454814578439
2024-06-21,SMCI,top,0.5939305,-0.0949009491780488,0.071897108781699,0.1770227576384955,0.0241888093007003,0.0956609205247776,0.8310347609664798
2024-06-21,GL,top,0.52930033,-0.0093906964748629,0.0663755823423246,0.0212711136094043,0.0161487139695097,0.0467479086671989,0.5919326673264533
2024-06-21,SYF,top,0.52930033,0.0611647853787402,0.0666827685504702,0.0176199798597391,0.0263095783714888,0.0464440732677965,0.6827364822783286
2024-06-21,CVNA,top,0.52930033,0.1392158921526758,0.0963516450651005,0.0603415958379702,0.0351809096125406,0.0841403606244955,0.6524575887760287
2024-06-21,ACN,top,0.5258413,-0.0180269462270566,0.0776743428182302,0.0713591878520998,0.0265456709499414,0.0581682682847726,0.8617977137887514
2024-06-21,ALB,bottom,0.5632446,0.0090850971235252,-0.0854989840032138,-0.1733848169704583,-0.2553401994168321,0.0253383392003691,-7.735777876463763
2024-06-21,MRNA,bottom,0.5583635,-0.1098200492261826,-0.0473470323545609,-0.1166148020060645,-0.1993278110089859,0.0844318421485065,-1.704893078327061
2024-06-21,NVDA,bottom,0.5578238,-0.0239393363369497,-0.0402639371583045,0.0470882529492435,0.1888943714574518,0.065684446360552,1.5280340527744551
2024-06-21,BALL,bottom,0.55654204,-0.010550596864989,-0.0810484717487846,-0.1140645359366518,-0.1167939936970529,0.0384957207113511,-2.819640363582404
2024-06-21,EQT,bottom,0.54831743,0.0002704919878244,-0.0602440623672335,-0.0880611839453161,-0.0792030089853376,0.0348335358851312,-2.23477727552162
2024-06-28,F,top,0.5407595,0.0239233921077668,0.0591218010555512,0.0708796335443522,0.0338005233997911,0.0392212775786884,1.2712840236250245
2024-06-28,RF,top,0.53632665,-0.0264470086577743,0.0586371480027754,0.0745308689928292,0.0486654751115835,0.035434788513405,1.6440066283821462
2024-06-28,APP,top,0.53404945,0.0430185265385945,0.0590480947000273,0.0735294739998746,0.021354906628406,0.0462784836911977,0.9604866504642818
2024-06-28,BKR,top,0.5301256,-0.0270116045606397,0.0680230715233083,0.131231922409756,0.0504778583512166,0.0597210432534156,1.30745162487167
2024-06-28,SYF,top,0.5272255,-0.0057214870909587,0.0611647853787402,0.1319261911560603,0.0773971442566139,0.0539312378039829,1.6751307249193004
2024-06-28,SMCI,bottom,0.5945614,0.0332336566045128,-0.0949009491780488,-0.0298269442628904,0.0444099032465019,0.0883381624962038,-0.0647155179357281
2024-06-28,FSLR,bottom,0.56674874,-0.0148142087164865,-0.1290608762448347,-0.1759803414185605,-0.17037092062106,0.064941001556407,-2.518284375479922
2024-06-28,RMD,bottom,0.5432609,0.0173441091863271,-0.0700092064561921,-0.0959240233358068,-0.0722628878921181,0.0404029614487471,-1.9482647543660128
2024-06-28,BBY,bottom,0.5420375,-0.0218294909133127,-0.0675884425493447,-0.0236804807386575,0.0038294114630608,0.0521881370239642,-0.3577700041476355
2024-06-28,WSM,bottom,0.53293467,-0.0086765296331708,-0.0691916359885828,-0.0638220338011075,-0.0370030774227129,0.0427908825630143,-1.2004060763674544
2024-07-05,AVGO,top,0.55533504,-0.0015499233603949,0.0609019776850874,0.0301986321771716,0.2147515486182731,0.1274605361075362,1.0082723342498328
2024-07-05,FCX,top,0.53739,-0.0046583374286583,0.0600823074436089,0.0395479030058971,0.0456666403422951,0.0403662190484467,1.154398746908171
2024-07-05,AMD,top,0.5350256,0.0564863703236337,0.059737295983903,0.0661787412497141,0.0240066652559536,0.0444837455863058,0.9825198314680502
2024-07-05,GOOG,top,0.5309692,-0.0269847666291386,0.0465600126806526,0.0649062648249394,0.0922332911113168,0.0163594489526772,4.550609668319904
2024-07-05,VRT,top,0.52930033,-0.0229898636714463,0.0601825778683513,0.0128007050167471,0.0470471095689726,0.048178494270418,0.816104198330864
2024-07-05,LVS,bottom,0.55023944,0.0152055254979308,-0.0488135261926869,-0.083206293998626,-0.0650824026167655,0.0517463055664772,-1.2974076746945813
2024-07-05,GPC,bottom,0.54700524,0.0440921895917603,-0.0424380396732788,-0.0634942299655607,-0.0877469958525495,0.0406275081861907,-1.7533450493494989
2024-07-05,NCLH,bottom,0.5424026,0.1172769564127178,-0.0697180047611641,0.0109889309802382,-0.0174255962528052,0.0797801049143155,-0.2423597190480715
2024-07-05,PHM,bottom,0.53930557,0.1190956771051956,-0.0558582977097354,-0.0682979193201708,-0.0664154202319884,0.0322718345491145,-2.003863740115613
2024-07-05,LEN,bottom,0.5366792,0.1209422828856303,-0.0449759043098334,-0.0555628229692072,-0.0707085556859516,0.0217945215002284,-2.786921175467019
2024-07-12,TPR,top,0.52930033,-0.0608200713481053,0.0936721929361841,0.0259406378178825,0.0499882394920212,0.0648710978298731,0.7928256009078547
2024-07-12,LOW,top,0.52930033,0.0189679598101355,0.0943944022213827,0.0617798650486927,0.048041250752524,0.0603462733217291,1.0163317266585288
2024-07-12,INCY,top,0.52930033,0.0347157226589243,0.1104133580007766,0.0501484818391899,0.0249557111870679,0.0750044371300289,0.6604812397377354
2024-07-12,NCLH,top,0.52930033,0.0066563828057362,0.1172769564127178,0.039382636245997,0.1793479055848574,0.0819102912616588,1.5235177564499731
2024-07-12,PHM,top,0.52930033,0.0724663170535722,0.1190956771051956,0.0565848976077756,0.0214190965314622,0.0767514633566548,0.6701779083903809
2024-07-12,DAL,bottom,0.550313,0.0417240185251526,-0.0521513153026913,-0.0805228458874429,-0.1046797962589906,0.0284968749722028,-3.039738259539288
2024-07-12,UAL,bottom,0.5502721,0.0717799417900415,-0.0485106123254653,-0.0809699679215787,-0.1000200753343233,0.0250659940227943,-3.33796274578472
2024-07-12,DDOG,bottom,0.5492363,-0.0686228799924922,-0.0502377722167565,-0.0145732080659213,0.0845214445298196,0.0648726468196336,0.4285065602925226
2024-07-12,META,bottom,0.5368976,-0.0442601436533025,-0.0760125816312005,-0.0106103734510559,-0.0104926131017484,0.0618939919497454,-0.3811971800684815
2024-07-12,NOW,bottom,0.53213704,-0.0096111522398628,-0.059493892662681,-0.0358218922803236,0.0410524203834195,0.0482478823485468,-0.043830999869785
2024-07-19,PHM,top,0.57564104,0.041920537271473,0.0724663170535722,0.2001924192555826,0.1182217742365843,0.0795311439432199,1.6785125729323611
2024-07-19,HSIC,top,0.53166515,0.0280068428101685,0.0796622362311096,0.0828201559304508,0.0457923595574951,0.052093336771576,1.2199770649417712
2024-07-19,CBOE,top,0.5251494,0.0099117442492007,0.0892625863807032,0.0881711878964879,0.0495707426465439,0.0528689855956343,1.3043339265695364
2024-07-19,SOLV,top,0.52369976,0.0554945545544343,0.1142856831453282,0.0941883127158762,0.0429799439461735,0.0731193004773725,0.991591041481644
2024-07-19,CFG,top,0.5121263,0.0543903924288866,0.0732983276659193,0.1634504829333771,0.17917710586386,0.0478180853609653,3.198862437646424
2024-07-19,KLAC,bottom,0.5325978,0.032575016049666,-0.1109569560993189,-0.1083476941347327,-0.0661319776121581,0.0654981395513671,-1.3378685564342914
2024-07-19,FCX,bottom,0.5300846,-0.0196078981589969,-0.1022883292399611,-0.106470173116006,-0.0711329421895218,0.0667656064779129,-1.3155520978727933
2024-07-19,CRWD,bottom,0.52905697,-0.1600209508143207,-0.1787138170855369,-0.2174091634496393,-0.1988020189081821,0.0899494741064844,-2.225071538665009
2024-07-19,LRCX,bottom,0.5239191,-0.0245008630858049,-0.1427436568350881,-0.1569129856657527,-0.1268529619664919,0.0763004645147518,-1.820003437585658
2024-07-19,CDNS,bottom,0.52346784,-0.0755849356650891,-0.1131561431281796,-0.1281802965406631,-0.1207324371772502,0.0645147353956418,-1.8796259929380088
2024-07-26,CNC,top,0.5194614,0.0682626261002741,0.1035628144864975,0.0772177691812487,0.102564028798834,0.0551903767397835,1.7210935005733108
2024-07-26,TMO,top,0.5155195,0.0140823578117601,0.13622161111429,0.1077375182771853,0.0979021514729794,0.0759718314465488,1.4265024435326172
2024-07-26,DHR,top,0.5135606,0.0103686122264232,0.1247022564087172,0.1102958158978815,0.0962976184458626,0.0729243412233581,1.4540083963136974
2024-07-26,ALLE,top,0.49908167,-0.0528624639574109,0.1020950750473008,0.1125844275583181,0.1575962267650537,0.0581427154951653,2.283417857989846
2024-07-26,RTX,top,0.49629402,0.0218517084318852,0.1083552612062119,0.1250986380114733,0.1350731240587481,0.0505752521674463,2.500968426467431
2024-07-26,TER,bottom,0.57830286,-0.0726711900235076,-0.1363201542155405,-0.1910702115500748,-0.1472114087093456,0.0791565866032779,-1.99593252046841
2024-07-26,CRWD,bottom,0.5713755,-0.1493988277847676,-0.1600209508143207,-0.3101368129661735,-0.3315065580259264,0.0931446101774287,-3.118662971643497
2024-07-26,VRT,bottom,0.5603685,-0.0993256899363526,-0.0960027735959119,-0.1399575639648784,-0.1091601969223637,0.0654362966788759,-1.7664703109039548
2024-07-26,LULU,bottom,0.55239546,-0.0690335305719921,-0.0954181814380287,-0.1290455503114351,-0.1513224317369722,0.0399835148226823,-3.3295113425033582
2024-07-26,XYZ,bottom,0.5411353,0.0033233759043742,-0.1162995351894907,-0.1245271723103359,-0.066832031343811,0.0709903950575706,-1.3227395111077025
2024-08-02,MCD,top,0.51862824,-0.0317321463824884,0.0979761842013346,0.0754431638608437,0.1019555469385937,0.0507416066543693,1.833261488006236
2024-08-02,DASH,top,0.51857126,0.0561289261557544,0.1192477157523839,0.1049010842872653,0.0565068882858195,0.0738936888369424,1.1294654164861817
2024-08-02,APD,top,0.51620644,-0.0124581164472349,0.0795460228394728,0.0716213381103672,0.1150510509509252,0.038396475465476,2.465709661176471
2024-08-02,KHC,top,0.51125103,-0.021907832395574,0.0809352621277681,0.0887682134815155,0.1237144772146106,0.036775913107941,2.838567136518507
2024-08-02,SO,top,0.510311,-0.0200947388025057,0.0780090118699876,0.0882065178878568,0.13505897679014,0.0309815665243758,3.5259885002731624
2024-08-02,CRWD,bottom,0.6398234,0.1056037200940445,-0.1493988277847676,-0.285512836126425,-0.4408488927196843,0.0590545136184714,-5.679330996135818
2024-08-02,HOOD,bottom,0.609558,0.0022371877743214,-0.156603843523283,-0.236223866838548,-0.2116402592513976,0.0902723291453741,-2.301678626068333
2024-08-02,MGM,bottom,0.5813471,0.046505116887465,-0.1520076622169462,-0.2179854446216004,-0.1756505857917775,0.0946747569191023,-1.937461669065468
2024-08-02,CCL,bottom,0.55981624,-0.0020270569014999,-0.1430225506147261,-0.1969614691695964,-0.1400347871436318,0.0884020321432238,-1.7819968720087191
2024-08-02,LITE,bottom,0.53697765,-0.0243627743389378,-0.1447038343630979,-0.1906152736799751,-0.1990966024726956,0.0896186072339192,-2.069511062837405
2024-08-09,PH,top,0.52930033,0.0238500881476917,0.0989374176464115,0.0274065130082237,0.0593232326751991,0.0670109153295596,0.8593394008432965
2024-08-09,EXPE,top,0.5170206,0.0079225138143328,0.1257250836704309,0.0328910341319024,-0.0127572986642781,0.0983976277272888,0.2907042362562896
2024-08-09,FICO,top,0.51098657,-0.0003139100174774,0.0948962088090497,0.0911055605638855,0.1030707693045407,0.0465089979645149,2.099300539731398
2024-08-09,PLTR,top,0.49958268,0.0689770605259996,0.213015380214997,0.1041206729923087,0.0691129517331392,0.1341995090621055,0.8071195089561723
2024-08-09,KVUE,top,0.49433932,0.0409225076371975,0.1168968489541621,0.1246656996844697,0.1461285637850646,0.0553848430576498,2.412250881734312
2024-08-09,ABNB,bottom,0.58316624,0.0106881795965281,-0.1025500610982259,-0.1785867464843251,-0.2159694591352827,0.048679555046359,-3.7325220691240033
2024-08-09,SMCI,bottom,0.5593566,0.2359462565264718,-0.1855279064051065,-0.285640093426577,-0.4408985205702543,0.0348477287445883,-9.821721809239842
2024-08-09,SBAC,bottom,0.5460471,0.0247052126063582,-0.0732163849819254,-0.0083834567102691,0.0003758497225543,0.0614149279058249,-0.2758743239392094
2024-08-09,EPAM,bottom,0.53813195,0.0421303198943689,-0.0755059972464236,-0.0845297137167799,-0.0014986733133478,0.0638515257705417,-0.6443857237879242
2024-08-09,SATS,bottom,0.53704315,0.0710024175302179,-0.1405128087752905,-0.1747907105075754,-0.1448979641486584,0.079934567856598,-1.9115334920752949
2024-08-16,APP,top,0.6168626,0.0445859703781574,0.1159214466152867,0.2565482674657844,0.055623413846138,0.1204268433536091,1.0616761621346316
2024-08-16,COHR,top,0.5338985,0.0358867297215952,0.2098199726683627,0.300356301655875,0.0640100086813233,0.1576191817276191,1.0403039603290334
2024-08-16,KEY,top,0.5112435,0.0414886888276806,0.121834251289016,0.1342561182400696,0.0513149964777588,0.1030912727333058,0.8750854755138422
2024-08-16,AVGO,top,0.49863297,0.0038619411756881,0.1177661456643042,0.1522733058760896,0.0531934495931643,0.0771855296889972,1.2399726841221737
2024-08-16,NKE,top,0.49413013,0.0098520161893167,0.1195858433863554,0.1245778371429542,0.144841952947089,0.0567903498859971,2.3503370353961075
2024-08-16,ALB,bottom,0.5505311,0.1402291374988677,-0.0279240130948326,-0.0875961127409047,-0.138125645797236,0.0333077132430005,-3.0210526115851946
2024-08-16,STLD,bottom,0.5450298,0.0358184098897997,-0.0228586009560092,-0.0377637645810474,-0.0914046140749235,0.0360840974379325,-1.7024925579157288
2024-08-16,CNP,bottom,0.54478115,0.03799925372751,-0.0180687196432811,-0.0398330905340676,-0.1028055955080758,0.0380282780682069,-1.756346529028124
2024-08-16,SOLV,bottom,0.5402483,0.0336700328051111,-0.0196401819394641,0.0364683319229848,0.087912146261925,0.0402335631627013,1.2636755179393249
2024-08-16,CSX,bottom,0.5302659,0.0080789106937171,-0.017058825426056,-0.0193661876769271,-0.0366100305361982,0.0062107895282557,-4.361837220706148
2024-08-23,LITE,top,0.7144251,-0.0263646714022123,0.1383224065030388,0.3680924432126085,0.1416167485738493,0.157151584217397,1.3284482289381216
2024-08-23,SATS,top,0.5485426,-0.0502048934044238,0.0874651603394762,0.1646778157034651,-0.0388970472157546,0.1063104051605938,0.4458948643175404
2024-08-23,KEYS,top,0.5438979,-0.0057415613262872,0.1456762085033971,0.2615772038887494,0.1200144605698099,0.1082515552553352,1.5469610266065448
2024-08-23,WBD,top,0.54066885,-0.026086960642395,0.0863698186911932,0.1450924538385356,-0.0312876312578849,0.1046188173324819,0.4312298917345555
2024-08-23,LEN,top,0.53058726,-0.0159982466713383,0.0772006380933487,0.089891649111802,0.0470259875405021,0.0461114829603086,1.4264986081290911
2024-08-23,MRNA,bottom,0.7117148,-0.061135380473933,-0.0506678268313622,-0.0293182368400131,-0.3248710013156972,0.1408340214064513,-1.286875484472786
2024-08-23,MU,bottom,0.6582867,-0.0642683099672704,-0.0475969680480716,0.10496349229663,-0.0599580275355194,0.1303107152345704,-0.0614164232899006
2024-08-23,LRCX,bottom,0.62128425,-0.0311081110765344,-0.0272861641877708,0.048855017378999,-0.0528369076838907,0.1026935037459071,-0.1675123508618163
2024-08-23,ALGN,bottom,0.5784951,0.0138906696715117,-0.0265446420669724,0.0886376475621542,0.061329119798696,0.0698273011546184,0.7428704511237793
2024-08-23,VLO,bottom,0.54323125,0.0058957988112799,-0.0263650597859645,-0.0344850347394538,-0.0771646966881871,0.0324210046138523,-1.6666419554590208
2024-08-30,ALL,top,0.5391157,-0.0189479622257764,0.0518388662656386,0.0569328696097135,0.0737891492735849,0.0405708855211957,1.5820213390559712
2024-08-30,JKHY,top,0.5380461,-0.0164689453846955,0.0510235195852337,0.0482219936429044,0.0165677257901031,0.0320834520521685,1.023978560520797
2024-08-30,NSC,top,0.5329708,-0.0240084680328136,0.064450542561903,0.0653800997945408,0.0523807725666884,0.0351277624788221,1.6661439899673598
2024-08-30,INTC,top,0.53280306,-0.142922023367962,0.0730282343301194,0.0560613334568951,0.0325797712514757,0.069574334739684,0.6848136075801535
2024-08-30,IBKR,top,0.5299777,-0.0492668166561179,0.0465484681915087,0.0685427310551596,0.1476413740115434,0.0105411149363036,9.744580392309947
2024-08-30,SMCI,bottom,0.62885344,-0.1170664952188167,-0.2862500893428157,-0.3039122182846421,-0.2992875954399513,0.227791985216843,-1.3079331455659364
2024-08-30,ULTA,bottom,0.58680224,0.0418036508136536,-0.0681632060600262,-0.0646555521515001,0.0346910244083342,0.1099452842761934,-0.1425212789120949
2024-08-30,NVDA,bottom,0.5865507,-0.1385607746613428,-0.0772976571768826,-0.0418206341956984,0.1127995698666421,0.115199021188052,0.2462645644920478
2024-08-30,CVNA,bottom,0.55305564,-0.1142610012813249,-0.0573288504949985,-0.0340537280062253,0.097813399908514,0.0873445565388193,0.3113379783829512
2024-08-30,MRNA,bottom,0.5529041,-0.0582687603012841,-0.061135380473933,-0.1087056104341727,-0.1060291073115117,0.0375837095311982,-2.5967006459324766
2024-09-06,CCI,top,0.54574144,0.0371418617667465,0.0366006466640849,0.0332799335804911,0.0495298575777252,0.0210515586620837,1.9889332444913288
2024-09-06,CPB,top,0.5425676,-0.0154173452791523,0.0436444774947224,0.0214567740847744,0.056177664665495,0.0303358924940695,1.4211760034818297
2024-09-06,KVUE,top,0.5422993,0.0231845201285054,0.0414578316367988,0.0476625938854404,0.0980843188655766,0.0200681239878478,3.551768323565531
2024-09-06,GIS,top,0.54018855,-0.0179855089315754,0.0383177449964147,0.0597203612867798,0.0859373457428986,0.0165647551929426,4.113371571506533
2024-09-06,AMT,top,0.5387848,0.0099084539198477,0.0540034867285526,0.0403523895349489,0.0609641499123907,0.0334415238660868,1.5917132857631004
2024-09-06,DLTR,bottom,0.6415413,0.0481202548607848,-0.2129245865620253,-0.3144329896907216,-0.3003682497118006,0.1127343640717779,-2.544428210654762
2024-09-06,DELL,bottom,0.60327685,0.1205881000893445,-0.117188855299,-0.089366986765399,0.1021069456861607,0.1316693054510214,0.0061137588219291
2024-09-06,VRT,bottom,0.57650805,0.1949284176798258,-0.1356137479481444,-0.0863144493705037,0.004338085849179,0.1065402680193023,-0.4768183953456187
2024-09-06,COHR,bottom,0.56825864,0.1377298266021422,-0.1207183630675824,-0.1365582856255878,0.082096633255644,0.138261688662789,-0.1739126047530108
2024-09-06,COIN,bottom,0.5608039,0.1065490077904218,-0.1963895854437678,-0.3029800834541742,-0.2493249215780304,0.1198595106084644,-2.1243368001539658
2024-09-13,ANET,top,0.52930033,0.0686568296057823,0.1446025024977402,0.0180542328220529,0.0165870605957019,0.1047284980813987,0.4066670936267034
2024-09-13,AES,top,0.52930033,0.0194172694081982,0.145151250025727,0.0823118906371662,0.0741599448656902,0.0953616087702203,0.95120740996214
2024-09-13,VST,top,0.52930033,0.2640154842874058,0.1607868650303974,0.0014046252334571,0.0781347574289494,0.1274697363874595,0.5616233232071993
2024-09-13,WBD,top,0.52930033,-0.0294464083321257,0.175900279478097,0.0829081129948341,0.145748980559458,0.11425830080565,1.1623728154172717
2024-09-13,VRT,top,0.52930033,0.1026956742939473,0.1949284176798258,0.0328796964285187,0.0798288639441975,0.1378212152439307,0.643584993647492
2024-09-13,EL,bottom,0.55233216,0.0053218085320509,-0.033600062817396,-0.0774603198453577,-0.1030774502094411,0.0155026892506021,-5.223255575551619
2024-09-13,DVN,bottom,0.53800523,0.0339670636674034,-0.0351074297538488,-0.1092302943453257,-0.1153545232317339,0.0350439828348029,-2.773386167651792
2024-09-13,LUV,bottom,0.53661263,0.0125523586692424,-0.0343435327197603,-0.0022269731347532,0.0959207314083876,0.0433393322545575,0.930575244180339
2024-09-13,TSN,bottom,0.5327742,-0.0205212154988436,-0.0678610297593347,-0.0452495945191737,-0.0104139822338413,0.0441679379210068,-0.7308692689113608
2024-09-13,SYY,bottom,0.5303737,-0.0173810829708218,-0.0262154876842309,-0.018596971655276,-0.0006530360002439,0.017493112662646,-0.6336972454693628
2024-09-20,FIX,top,0.66004443,0.0127480125990475,0.1076410406148962,0.2727935748230021,0.1378433189375585,0.1295569958958709,1.3287978704753092
2024-09-20,VRT,top,0.6492349,0.0409349873444169,0.1026956742939473,0.3176423972664548,0.2039108192791703,0.1392747268311738,1.5626022639105814
2024-09-20,COHR,top,0.6377596,0.0322914881221405,0.1159270697226639,0.2696235115362031,0.0962459014108805,0.121111744094865,1.2556161059090107
2024-09-20,APP,top,0.5887382,0.0131652288866832,0.1200035022837358,0.4909542011693715,0.397893576540169,0.177628281499838,2.0831448205837764
2024-09-20,EME,top,0.5882337,-0.019536111740996,0.0988345558895593,0.2344138936599626,0.1394193215002463,0.1012380493100413,1.5769075990116732
2024-09-20,VTR,bottom,0.5356196,0.0268619119990067,-0.0444205876324389,-0.0109768308891907,0.0434708797004248,0.0393200167329543,0.2424725773638971
2024-09-20,PM,bottom,0.5290855,0.0097951036287169,-0.0384494136642633,-0.0399015253391032,0.0053265129878048,0.0292715011636115,-0.5786930584855152
2024-09-20,PEP,bottom,0.52879035,-0.0068933108285159,-0.0348443836871527,-0.0347355046419107,-0.0192557058080353,0.029158487827278,-0.923403191358126
2024-09-20,AJG,bottom,0.5284047,0.0122799657805803,-0.0717240039006152,-0.0616269291379657,-0.0389411960236308,0.041844379909452,-1.2469722438676885
2024-09-20,REG,bottom,0.5271698,-0.0019555620301109,-0.0413765832992431,-0.0052287818489835,0.0114853426142889,0.0337036914423213,-0.1213263916574669
2024-09-27,INTC,top,0.63694966,-0.0552070139376051,0.0947802051447759,0.216174976245457,0.0848456830402097,0.1164598725714197,1.0829745489413725
2024-09-27,COIN,top,0.5992373,-0.1062594389971184,0.1242871411887913,0.1728303719616362,0.0429210028958908,0.1480166070116013,0.6627686338136651
2024-09-27,ALB,top,0.5437616,0.0628838383286138,0.1164710545833738,0.0984675923021072,0.0691588044697113,0.1338034026788823,0.6528130659367366
2024-09-27,UAL,top,0.5082457,0.0212105450359567,0.1115584380638505,0.1547192407187856,0.3167575039268686,0.0355367065915894,6.372817061760672
2024-09-27,OTIS,top,0.50605154,0.0012447119803529,0.0932790569721402,0.1088342366954204,0.102862037248421,0.0527037719526615,1.945639434989007
2024-09-27,SMCI,bottom,0.6365942,-0.0177252465457421,-0.0820740934035613,-0.081853193899455,-0.0410327031195543,0.1339715326505794,-0.4586143470931687
2024-09-27,NOW,bottom,0.56555474,0.0407012650679654,-0.0592835111688635,0.0032311760882033,0.0313333433273939,0.0660231138035901,0.0722791469043877
2024-09-27,TPL,bottom,0.5590013,0.1062923632113277,-0.0525483745210465,0.096527850126199,0.0223112601649109,0.105969461410436,0.2791030502318844
2024-09-27,CRWD,bottom,0.5560957,0.0223186357298874,-0.0466567299222379,0.1031527803229048,0.0309434023731907,0.1173452384293464,0.3157743114577592
2024-09-27,INTU,bottom,0.5388607,-0.0135048985791358,-0.0402486775449588,-0.0553631918287323,-0.017818030631799,0.0471170670809385,-0.710923198935036
2024-10-04,WYNN,top,0.53758436,-0.0066382366571817,0.0802089367484197,0.322920531095354,0.3744785539531621,0.0969316912948921,3.093393711366462
2024-10-04,PLTR,top,0.52930033,0.0874781341371941,0.0860477240992256,0.0755375672301925,0.3191558991815633,0.0771569259517045,2.5816295707179107
2024-10-04,DVN,top,0.52930033,0.0127300299951502,0.0888089458378476,0.0399605920145338,0.037534507064324,0.0627907779089215,0.7714520620869784
2024-10-04,APP,top,0.52930033,0.0525561803338403,0.0932289914842221,0.1076216013826696,0.6514130798874382,0.1356863302978237,2.773760936239108
2024-10-04,COP,top,0.52930033,-0.0353587695162754,0.0937738538286716,0.0425047158321527,0.080362285990601,0.0672085822688132,1.0650547982778762
2024-10-04,SATS,bottom,0.61748445,0.0712752160651652,-0.1694008503890474,-0.1056067551195901,0.0397322014354328,0.1236467062980077,-0.3692712094164705
2024-10-04,COIN,bottom,0.5950104,0.0320051553653779,-0.1062594389971184,0.0048210202943961,0.1598913918065432,0.1047536461961388,0.5735624498900961
2024-10-04,WBD,bottom,0.58057773,-0.0334190516542725,-0.0715990329879128,-0.0558251910299983,0.0775623872423734,0.1081884287610533,0.0712341087857667
2024-10-04,NKE,bottom,0.5627549,-0.001215870987424,-0.0803889934760241,-0.0493526227021735,0.0200919221360362,0.0749206171343271,-0.2777586380091785
2024-10-04,FSLR,bottom,0.56229985,-0.0849738198188776,-0.0962658655608504,-0.0377601672800357,0.1077402906490421,0.0855641433619886,0.2718631286596643
2024-10-11,COHR,top,0.5278853,-0.0610781802895451,0.0974509675557466,0.164644335011183,0.3416260354300147,0.0373314005733903,6.4036212393268
2024-10-11,SNPS,top,0.52568436,-0.0609164046005171,0.0817438455523893,0.0518399904114958,0.1017201110880428,0.0454954803480115,1.815110207114144
2024-10-11,APD,top,0.52491605,0.0487588134736642,0.1091419741859056,0.0605732220636023,0.1211550297399772,0.0636311115105964,1.57815977067225
2024-10-11,FAST,top,0.5186449,0.0140587867365573,0.094613690349411,0.0741050573750712,0.1002577897078247,0.0486298888559883,1.8732476572250223
2024-10-11,GNRC,top,0.5165133,-0.0363500068650927,0.0837183435839732,0.1210927437577813,0.2352522439747164,0.039887957035878,4.268725548502858
2024-10-11,COP,bottom,0.5736389,-0.0436238815418731,-0.0353587695162754,0.0550993562282153,0.0675362562465136,0.0699842196174315,0.6167748078586719
2024-10-11,AES,bottom,0.5473292,0.0086605171650664,-0.0840825767938759,-0.1370203422381182,-0.0658036970106574,0.0675841590549486,-1.3418866069061233
2024-10-11,ALGN,bottom,0.54720104,-0.0105386255118247,-0.0800083378042288,-0.1286056457220655,-0.0889919288623508,0.0539467357343274,-1.8332157226974064
2024-10-11,NRG,bottom,0.54534554,-0.0381057894477401,-0.0587310694511494,-0.0161148494931119,0.1074778073606761,0.0587982944864508,0.6308881312466966
2024-10-11,WBD,bottom,0.5424509,0.0398936424861402,-0.0334190516542725,-0.1026253128603662,-0.1142520396162387,0.0362811814811649,-2.600174599773735
2024-10-18,COR,top,0.537129,-0.0124667754974545,0.0668133908817436,0.0795216391605697,0.0408574670867678,0.0401581796964081,1.431955043736041
2024-10-18,PHM,top,0.53344446,-0.1111780224762781,0.0706895895659693,0.0688466856450213,0.0506131144275248,0.0411667408325974,1.4563418289866403
2024-10-18,SOLV,top,0.52666116,-0.0066503510008143,0.0813032134598017,0.0876882584695686,0.0533238530330961,0.0484198471894819,1.4268191422578582
2024-10-18,ISRG,top,0.52238375,-0.0189581405306444,0.075023775168834,0.0813362614672827,0.0718840216568093,0.039159313443445,1.9192298003605772
2024-10-18,MTB,top,0.5150778,-0.0252089646889688,0.0667423173005368,0.10523672794288,0.1001894915362191,0.0374663814998111,2.529235550982164
2024-10-18,UBER,bottom,0.5523448,-0.0194542804987827,-0.0831595202724172,0.065697428150371,0.0705977961637167,0.1040451683964869,0.3684877854955849
2024-10-18,APA,bottom,0.55125606,-0.003593033379144,-0.0705578905501521,-0.064336135020683,0.003589815442472,0.0700335756054789,-0.4508184649369182
2024-10-18,CVS,bottom,0.54869634,-0.0533724555295639,-0.0944017418893217,-0.0657995865330701,0.0492089581955286,0.0738619400047856,-0.1894994268554098
2024-10-18,BG,bottom,0.54573256,0.0025684329449573,-0.0765185174488768,-0.0878068835084217,-0.0936234833388161,0.0359744640559464,-2.452081064171171
2024-10-18,ERIE,bottom,0.54520833,-0.0781845552818685,-0.0991585647750816,-0.1106104590970935,-0.0733115970671649,0.0577530191043953,-1.5499735468587523
2024-10-25,LH,top,0.5379363,-0.0066920683041913,0.0596005468722364,0.0565646049626056,0.0294012157190644,0.0368628128832417,1.1792960362744516
2024-10-25,RJF,top,0.5313904,-0.0042784417589152,0.0462060000595723,0.1151211994890808,0.1876895515074799,0.0179201401282136,7.637140146147199
2024-10-25,AON,top,0.53075874,-0.0275630959493128,0.0489202219989313,0.0571308465637228,0.0798745269212899,0.0211281226427021,3.149621987535173
2024-10-25,CVNA,top,0.52930033,0.1310917059782841,0.0586482743394878,0.0534720352629225,0.1928966912208127,0.0337770888193261,3.666773485752294
2024-10-25,RMD,top,0.52918994,-0.0460421203501897,0.0669583518979028,0.064695895714915,0.0714226604441516,0.03838943734994,1.7800148309062684
2024-10-25,TER,bottom,0.55187,-0.0470692587676796,-0.1133767368024445,-0.1528315509359185,-0.1700090263490047,0.0516129731398078,-2.9688744718021693
2024-10-25,FIX,bottom,0.54136,0.0588663887255827,-0.1126598801416255,-0.1086679725144879,-0.0501705488127777,0.0690983652879048,-1.1592418672797973
2024-10-25,CARR,bottom,0.53629,-0.0153284064120201,-0.0936524105984417,-0.0943187208335447,-0.082058573153011,0.0491537872261991,-1.7877891204966805
2024-10-25,VLTO,bottom,0.53569055,-0.0236425818896697,-0.0840668606204583,-0.0802615737556822,-0.0566635288950865,0.0472078881190307,-1.4632572167281477
2024-10-25,HAS,bottom,0.51801026,-0.0090334885598905,-0.0893886054260688,-0.0791626455377931,-0.0787795778885191,0.0469766033939461,-1.7209462418699
2024-11-01,DAL,top,0.52930033,0.0455557515692643,0.0788987664101525,0.0464157194003622,0.1883585605147857,0.0534207489148074,2.314686394929303
2024-11-01,WBD,top,0.52930033,0.1154314478468743,0.0828946901985807,0.0524295858791326,0.057840529600585,0.0560769197749244,1.0899151973632903
2024-11-01,ABBV,top,0.52617896,-0.0198967849303854,0.0835771812522117,0.0777824957385371,0.0560269746646175,0.0467595662602865,1.4525032503767787
2024-11-01,MO,top,0.51752627,0.0033413388701903,0.0836853663790475,0.0858696678082382,0.0752494675713302,0.0432645136624382,1.847656081828663
2024-11-01,WAT,top,0.5160781,-0.0069729132745438,0.1930673425323938,0.1112354079213453,0.0984368691048638,0.1150555933965169,1.0525109711169292
2024-11-01,REGN,bottom,0.56385875,-0.0179942244016481,-0.0958393695583007,-0.1484636699465378,-0.1670781184941221,0.0426487398532984,-3.4444532083984
2024-11-01,HOOD,bottom,0.56209904,0.2740926904621348,-0.1141906952539654,-0.1065971158585269,0.0471821735475648,0.1070327732815877,-0.2914718444979844
2024-11-01,DVA,bottom,0.55728424,0.0569956037357362,-0.0980954749755965,-0.1258257994024606,-0.1188624420519267,0.0481814376852094,-2.4191089048203898
2024-11-01,MGM,bottom,0.5466751,0.0076901615070117,-0.0978691948266807,-0.116047558598299,-0.099431126080131,0.056007353664861,-1.8554371715108977
2024-11-01,BF-B,bottom,0.5461974,-0.0646938224032174,-0.0988215730254085,-0.1098632996983929,-0.0796031495182585,0.054783659867339,-1.6858365403723703
2024-11-08,VRT,top,0.5134772,-0.038807149661307,0.17633291130777,0.1210662185130513,0.1243740845669598,0.0982148701456279,1.360663853807655
2024-11-08,FIX,top,0.5062232,-0.0361223892897722,0.1777930185645342,0.2471254402336313,0.1116028471722045,0.1206373982433812,1.3707240819906523
2024-11-08,HOOD,top,0.4953489,0.058284175701903,0.2740926904621348,0.1286031603202682,0.1625428391076309,0.1629816096971919,1.0710643957135928
2024-11-08,VST,top,0.49452078,0.0017619975899412,0.1873480985418811,0.1440778335285755,0.1325722834732128,0.1102073250915481,1.3324510532874578
2024-11-08,EMR,top,0.4812301,0.0003224716062737,0.1733357870371608,0.1769167445975947,0.1356416589642526,0.0926099333924075,1.677954072196289
2024-11-08,APA,bottom,0.5537333,0.028020122289567,-0.0571676537539516,-0.122884788567662,-0.1877013283971379,0.031704417473732,-4.469493322336815
2024-11-08,CEG,bottom,0.55005926,-0.0615706813822415,-0.0725688410625345,-0.0947013872455173,-0.1008563632775499,0.0358692075438611,-2.5953411931887134
2024-11-08,IFF,bottom,0.549487,-0.0665366136629704,-0.06721925516286,-0.0903893180594919,-0.1011104761385022,0.0348313044663593,-2.608430630107727
2024-11-08,CBOE,bottom,0.5346203,0.0195570932997612,-0.0625714474235871,-0.0749930197151088,-0.0443689212613891,0.037275968891333,-1.5303056409383875
2024-11-08,DOW,bottom,0.53452015,-0.0526996410462636,-0.050643187753988,-0.064587521516666,-0.135552116868952,0.0259321840459687,-3.7369493189081022
2024-11-15,HOOD,top,0.56592757,0.1339728301961618,0.058284175701903,0.3483521326935401,0.204621684186715,0.1620514108751634,1.3473414499612193
2024-11-15,COIN,top,0.5511879,-0.003956159656471,0.1296816766475705,0.6724081252048355,0.3889014884819739,0.2690404304011693,1.5683616040249813
2024-11-15,PLTR,top,0.54898113,-0.0215903640173746,0.1263914596773625,0.5689408281460606,0.53060262449744,0.1954775353014039,2.358460300244409
2024-11-15,ROK,top,0.5339935,0.0211346471081035,0.0514806076111789,0.0648628987695743,0.0488600614064345,0.0279538797030523,1.9314626864401183
2024-11-15,DVA,top,0.5294931,0.0323083179481253,0.0712949212071061,0.1323540220203332,-0.0101253280069668,0.0793713895695435,0.6153475748809485
2024-11-15,MRNA,bottom,0.6450305,0.1156038619437713,-0.2131113168207372,-0.3254622413758552,-0.3188539831152046,0.1112664168501117,-2.69100807775702
2024-11-15,SMCI,bottom,0.61925006,0.7841766233584924,-0.2422512407489315,-0.2867562200434599,-0.606855679568647,0.2026077494705356,-2.160277320876669
2024-11-15,CRL,bottom,0.5642419,0.042771910857269,-0.1283717627319571,0.0374668353655478,-0.0507154703070079,0.1400505303839609,-0.2839235569156642
2024-11-15,COHR,bottom,0.5363637,0.1075596221416241,-0.1355207824727241,0.030667553841468,-0.0317622176520245,0.1381889718898133,-0.2443072553539274
2024-11-15,TECH,bottom,0.5096736,0.0549059988986462,-0.1104529051783927,-0.1018349480216868,-0.0505219109763516,0.086603777408478,-0.898484740328545
2024-11-22,APP,top,0.5931718,0.0103207298508998,0.145041058613691,0.1493051492531656,1.0621789735158105,0.3657521018035603,1.6533709667776646
2024-11-22,HOOD,top,0.5739396,0.024283747683339,0.1339728301961618,0.2000655018724992,0.3543977180046314,0.1617694776529659,1.6310244490274992
2024-11-22,CTVA,top,0.52930033,0.0164953357486128,0.1090381586167483,0.0497170013839678,0.0145816296969822,0.0739913287590905,0.59404450863801
2024-11-22,CSGP,top,0.52930033,0.0191705153000862,0.1201403166118422,0.0312701665335457,0.0715627545841668,0.0900313825660869,0.7676625899284648
2024-11-22,KEYS,top,0.52930033,0.003288686649097,0.1399879784805813,0.0293797646242746,0.0916784423865262,0.1085970820443803,0.7603768631334187
2024-11-22,REGN,bottom,0.5578779,0.0165582676269793,-0.0248544010938287,-0.1091475850139689,-0.2090201930042114,0.0405299767619659,-3.5005004570467877
2024-11-22,HCA,bottom,0.551789,0.0070478478537037,-0.0525719735566487,-0.0825334706829133,-0.1062303586486878,0.0192126073270875,-4.576783121177726
2024-11-22,TAP,bottom,0.5484133,0.0281643739489998,-0.033002296605597,0.0134318503792305,0.0823022646835955,0.0538222504635444,0.7154788200194038
2024-11-22,ULTA,bottom,0.5433251,0.1426207490668321,-0.0733631118652176,-0.1216840671092029,-0.0935440237129684,0.0463611387114719,-2.1082103684665694
2024-11-22,INTU,bottom,0.53420395,0.002515314647266,-0.0694172041449157,-0.0644530680732776,0.0506343313983299,0.0696565009568235,-0.1132825678382663
2024-11-29,TECH,top,0.5487546,-0.0112792468199921,0.0572390713929784,0.1152878386824871,0.0017125596010365,0.07863905933432,0.5955169655350702
2024-11-29,HRL,top,0.53623426,0.001233349777997,0.0573851260967734,0.1102362782624568,0.048835766870886,0.047780229217552,1.440381411295607
2024-11-29,LVS,top,0.52934694,0.0175273254529413,0.0595048320003703,0.1063386567901638,0.0297194184608715,0.0517055718719855,1.1323545045022707
2024-11-29,TPR,top,0.52930033,0.00505183456489,0.0570265042723363,0.0882404599841815,0.3259527724759417,0.0372967715513419,5.370886757214872
2024-11-29,DXCM,top,0.52930033,-0.0034619393571214,0.0708498682271709,0.0278070728350812,0.108599851533172,0.0600454189762404,1.2771050991080135
2024-11-29,ADSK,bottom,0.5841143,0.0541623771468813,-0.0914184210213847,-0.0242353339392302,0.0185992477790442,0.078449130533883,-0.2069362243228434
2024-11-29,MU,bottom,0.5809784,0.0328738431921984,-0.0456937119563324,0.0167116899216512,-0.0178481310459038,0.1163175122171924,-0.1120905325083551
2024-11-29,CRWD,bottom,0.5736047,0.0568835234452216,-0.0706227041724789,0.0273793651691258,0.1413254895517592,0.0800369321656749,0.8080171244670736
2024-11-29,GEV,bottom,0.5673269,0.0370826069514107,-0.0430747531066674,0.0132217384180208,0.1097013811621017,0.0833354557820074,0.6016897854107436
2024-11-29,HPE,bottom,0.5624405,0.1286524193499385,-0.0398191514743289,0.0071190432948815,0.0578263038268902,0.0698532595801931,0.3300065607461727
2024-12-06,SMCI,top,0.72760844,-0.1702708738965122,0.3458946423604374,0.3251884851613462,0.7915986739415577,0.4484092528254661,1.254232342917073
2024-12-06,ULTA,top,0.6281074,-0.0094822802831733,0.107412572951248,0.2653525836315826,0.1113793349281537,0.1097011382103528,1.427835445962791
2024-12-06,WSM,top,0.52930033,0.0360661610936137,0.0976630348178073,0.0979184484958972,0.4546995898663009,0.1476343575343403,1.8699640425976456
2024-12-06,DDOG,top,0.52930033,-0.092617822012937,0.104091613070274,0.089259135193382,0.3551627001375068,0.1089723462169403,2.064477578881034
2024-12-06,XYZ,top,0.52930033,-0.0638167597258667,0.1095425930428539,0.0649251867014346,0.3177307298432945,0.0773123179065491,2.5868162193824067
2024-12-06,CVS,bottom,0.55868936,-0.1070718998707173,-0.0761904156739297,-0.0468883731050989,-0.0045012498210769,0.0748540415606184,-0.4209942428699337
2024-12-06,DVN,bottom,0.5566589,-0.0254414357868962,-0.0779973707659107,-0.1130545056623839,-0.0998198341265578,0.0437498925016848,-2.2674113262958606
2024-12-06,HAL,bottom,0.5478424,-0.0034745968024246,-0.0918055100669055,-0.0940803068115369,-0.0100897891380083,0.0693380966343247,-0.7435412421763372
2024-12-06,TPL,bottom,0.5432426,-0.1042032850997801,-0.1626847285809,-0.2255609015405315,-0.0249481398990927,0.1880714916004994,-0.5988116752941057
2024-12-06,BALL,bottom,0.5352897,0.0197864393403364,-0.0782763396313143,-0.073806326188116,-0.0492143974183425,0.0445550717561423,-1.3974754050929314
2024-12-13,HSY,top,0.53993535,-0.0701256394857846,0.0480824085668618,0.0395730343757401,0.0799174227484871,0.0248680007179387,2.461034189100699
2024-12-13,MOS,top,0.5381281,-0.1015303790586085,0.0473026231996944,0.0204919981168216,0.0235867047244444,0.0325889233525099,0.8382495850877768
2024-12-13,KR,top,0.5359069,-0.0033838256725625,0.0477798742678337,0.0160444838661129,0.0696310856029618,0.0336853745062598,1.4558033922568614
2024-12-13,CHRW,top,0.5312654,-0.0632070060459585,0.0564353607018062,0.061131284103183,0.0167368648384289,0.0366164355227147,1.0348196727055656
2024-12-13,CNC,top,0.52930033,0.0026927577758324,0.0468639874219829,-0.0096666971842448,0.0341106703045928,0.0495489936275522,0.4738892324367846
2024-12-13,APP,bottom,0.595823,0.0509137638349348,-0.1918555386781989,-0.0364662176074146,0.1146724562944641,0.1721007159307601,0.046604075284999
2024-12-13,NUE,bottom,0.5862309,-0.069221524819851,-0.1214842024955484,-0.1903160778970859,-0.1484227583543532,0.0747997615374678,-2.077483824398738
2024-12-13,STLD,bottom,0.5682771,-0.0545884849242348,-0.1061358154324122,-0.157637526695473,-0.1222294517438007,0.0629544039536974,-2.055893622628134
2024-12-13,CI,bottom,0.56687886,-0.0175263496885857,-0.1131179722579587,-0.1620981900059039,-0.1196715422029223,0.0673807721418456,-1.942609996804324
2024-12-13,VST,bottom,0.5653883,-0.0325295340453599,-0.0943242198170883,-0.0935308627047126,0.0192754611587424,0.0968451070569839,-0.3846132448287821
2024-12-20,FOX,top,0.54097956,-0.0004285606789596,0.0431572980235177,0.0450267651200686,0.0513860789321398,0.0206889048208649,2.3008681322542093
2024-12-20,PFE,top,0.5408609,0.0098633527004974,0.0304927467422633,0.0244851793466522,0.0276804879522003,0.0229295035379112,1.1847562012630009
2024-12-20,DXCM,top,0.53911763,0.0024987124681976,0.0369218601370622,0.0298507418732028,0.0989976507373684,0.0368117681639951,1.7836701743884034
2024-12-20,CCL,top,0.53585935,-0.0641790310580393,0.0347490318925396,0.007140073986591,0.0763051683443634,0.0320984498328644,1.4672884251230427
2024-12-20,FOXA,top,0.5337237,-0.0012112893669044,0.0520389053343803,0.0538298119865345,0.0572038560120842,0.0254270376901466,2.160793325822119
2024-12-20,CVS,bottom,0.5996079,0.0029306197458631,-0.1014785900640575,-0.1976849845004145,-0.2353042302949823,0.0647258138658159,-3.0428207028565044
2024-12-20,WBD,bottom,0.57954705,-0.0074836227171476,-0.114333069538741,0.0028142339024961,0.0573689360437306,0.1015155694648807,0.0655620425093266
2024-12-20,CTAS,bottom,0.56909055,-0.0190971242757737,-0.1149512627121112,-0.1643645168393965,-0.1570165324986731,0.058307960926408,-2.58197463927204
2024-12-20,LEN,bottom,0.560361,-0.0064455172774401,-0.1056415058135694,-0.1552156536958706,-0.1837796271240904,0.0571923980832805,-2.7854098653987203
2024-12-20,ALB,bottom,0.5548452,-0.0040609584982247,-0.1079693806777568,-0.152068058569666,-0.1788250239080266,0.0441447370508089,-3.5400098655937398
